bg	rug/rug-clean	57f38d57-0434-40e9-818b-67456afa335e	hf_20261004_185606_57f38d57-0434-40e9-818b-67456afa335e.png
bg	rug/rug-wet	08aba482-7882-4dd6-b0c8-b9e7d2538649	hf_20261004_185607_08aba482-7882-4dd6-b0c8-b9e7d2538649.png
bg	rug/rug-stained	acd36cb1-5f61-4172-8b3d-6f51df2f0921	hf_20261004_185608_acd36cb1-5f61-4172-8b3d-6f51df2f0921.png
bg	rug/rug-muddy	a65202ab-8a17-42c0-86e4-08ccbbe67982	hf_20261004_185609_a65202ab-8a17-42c0-86e4-08ccbbe67982.png
bg	rug/rug-sandy	87c87c8f-9797-4843-8a8b-23bc935d2add	hf_20261004_185611_87c87c8f-9797-4843-8a8b-23bc935d2add.png
bg	golden-trophy/trophy-clean	6c4270a0-c0a9-4d09-b513-139cfe29ab3e	hf_20261004_185612_6c4270a0-c0a9-4d09-b513-139cfe29ab3e.png
bg	golden-trophy/trophy-wet	d5175f44-e0ae-4901-aef7-ed87efd998c6	hf_20261004_185613_d5175f44-e0ae-4901-aef7-ed87efd998c6.png
bg	golden-trophy/trophy-tarnished	57f4c3f4-6f25-4df0-8e3b-012499a9957b	hf_20261004_185707_57f4c3f4-6f25-4df0-8e3b-012499a9957b.png
bg	golden-trophy/trophy-tarnish-wet	b87eba2c-08a7-4825-890b-47b32d669274	hf_20261004_185708_b87eba2c-08a7-4825-890b-47b32d669274.png
bg	golden-trophy/trophy-dusty	b3f1d65a-a4d6-479a-b715-0c102bc57526	hf_20261004_185710_b3f1d65a-a4d6-479a-b715-0c102bc57526.png
bg	golden-trophy/trophy-mudcrust	10feb4a0-f4d1-4e31-88fd-082b13293d21	hf_20261004_185712_10feb4a0-f4d1-4e31-88fd-082b13293d21.png
bg	chair/chair-clean	5e4322a7-636d-41d7-8ba8-85db68a23270	hf_20261004_185713_5e4322a7-636d-41d7-8ba8-85db68a23270.png
bg	chair/chair-sanded	5a1a9b1c-d7cd-41da-9c0b-a98913012b8b	hf_20261004_185714_5a1a9b1c-d7cd-41da-9c0b-a98913012b8b.png
bg	chair/chair-dented	edac5023-45e2-4729-86f9-e92e613f01dc	hf_20261004_185715_edac5023-45e2-4729-86f9-e92e613f01dc.png
bg	chair/chair-seat-old	8de7e306-1111-4043-91fe-8388c4d9cee4	hf_20261004_185716_8de7e306-1111-4043-91fe-8388c4d9cee4.png
bg	chair/chair-dusty	46468edd-2f16-44c5-aedb-581781d675cc	hf_20261004_190014_46468edd-2f16-44c5-aedb-581781d675cc.png
bg	sneaker/sneaker-clean	7dc6b37d-3efe-4772-aaad-e5d92c005015	hf_20261004_190015_7dc6b37d-3efe-4772-aaad-e5d92c005015.png
bg	sneaker/sneaker-scuffed	2e5fc685-9975-48ef-a1cc-e2928739f849	hf_20261004_190016_2e5fc685-9975-48ef-a1cc-e2928739f849.png
bg	sneaker/sneaker-wet	1eeeba3e-a2ce-4b14-a6e5-b2cda0fb52dc	hf_20261004_190017_1eeeba3e-a2ce-4b14-a6e5-b2cda0fb52dc.png
bg	sneaker/sneaker-stained	e6c80818-973a-4f41-812e-d75bd0232f4b	hf_20261004_190018_e6c80818-973a-4f41-812e-d75bd0232f4b.png
bg	sneaker/sneaker-muddy	4b84c29f-4fe2-4057-9b08-6e5941280219	hf_20261004_190020_4b84c29f-4fe2-4057-9b08-6e5941280219.png
bg	sneaker/sneaker-mudcrust	5490a777-4604-4193-b6ec-4203dbfc2eda	hf_20261004_190021_5490a777-4604-4193-b6ec-4203dbfc2eda.png
bg	shared/tool-squeegee	bf647ffd-01ef-4c2f-8c49-8edcdcd54e37	hf_20261004_190022_bf647ffd-01ef-4c2f-8c49-8edcdcd54e37.png
bg	shared/tool-detail-brush	6fe70fba-c742-45f0-a5a2-2adb71b64afb	hf_20261004_190738_6fe70fba-c742-45f0-a5a2-2adb71b64afb.png
bg	shared/tool-mist-nozzle	d9ca882c-1524-4643-8e63-d952339dbda9	hf_20261004_190739_d9ca882c-1524-4643-8e63-d952339dbda9.png
bg	shared/tool-duster	ddb69661-1a26-4497-b56c-e0074af8a815	hf_20261004_190741_ddb69661-1a26-4497-b56c-e0074af8a815.png
bg	shared/tool-foam-can	13cad7e1-6410-454c-b39f-d35e17275adf	hf_20261004_190741_13cad7e1-6410-454c-b39f-d35e17275adf.png
bg	shared/tool-drill-brush	f4336567-664c-40fb-8717-2190f2163e62	hf_20261004_190742_f4336567-664c-40fb-8717-2190f2163e62.png
bg	shared/tool-putty-knife	57e05678-25d1-4c77-aeb9-7de4e21980d5	hf_20261004_190744_57e05678-25d1-4c77-aeb9-7de4e21980d5.png
bg	shared/tools-sanding-sponge-eraser-sheet	bb323721-5ca3-4a9c-bb70-1a5e7d659503	hf_20261004_190744_bb323721-5ca3-4a9c-bb70-1a5e7d659503.png
bg	chair/trash-bin	9da63269-fb92-4830-9832-73b1e3a5e737	hf_20261004_190746_9da63269-fb92-4830-9832-73b1e3a5e737.png
bg	chair/trash-items-sheet	6d17e84f-088e-4f63-8e71-cd8a3e81a811	hf_20261004_191227_6d17e84f-088e-4f63-8e71-cd8a3e81a811.png
bg	chair/dents-putty-sheet	e3331f53-d7af-403e-9107-5a38608bcbc5	hf_20261004_191228_e3331f53-d7af-403e-9107-5a38608bcbc5.png
bg	shared/ui-settings-icons-sheet	c59a6afc-51aa-483e-be07-b4b6d4965fcf	hf_20261004_191229_c59a6afc-51aa-483e-be07-b4b6d4965fcf.png
bg	shared/ui-toggle-sheet	693caf47-87c1-48b0-9a34-ee00160b752d	hf_20261004_191230_693caf47-87c1-48b0-9a34-ee00160b752d.png
bg	shared/ui-hint-hand	55197c25-cf70-4b6d-bee3-f1fa069d4728	hf_20261004_191231_55197c25-cf70-4b6d-bee3-f1fa069d4728.png
bg	shared/tool-mist-nozzle	c1238a2e-9675-4975-a0b5-f96a044dbb8d	step6-v2
bg	shared/tool-foam-can	756f84fe-18af-41f5-af3f-52e474914e45	step6-v2
bg	shared/tool-drill-brush	31493798-c39c-44de-974b-dbdca66d2125	step6-v2
